lambda_penalty,omega_n,zeta,n_rollouts,discounted_task_return_mean,discounted_task_return_std,discounted_train_return_mean,discounted_train_return_std,discounted_theta_variation_mean,discounted_theta_variation_std,theta_variation_sum_mean,theta_variation_sum_std,success_rate,final_distance_mean,final_distance_std,mean_abs_theta_tracking_error_mean,mean_abs_theta_tracking_error_std,mean_motor_pair_clip_abs_sum_mean,mean_motor_pair_clip_abs_sum_std,model_dir
0.0,4.0,1.0,333,465.90860085815206,74.85764901247379,465.90860085815206,74.85764901247379,3.3164706217486057,0.20304596071537448,16.058328808314663,0.5114293165610532,1.0,0.14727926679319342,0.021579594776006347,0.2927276036116771,0.005310106658655013,0.0,0.0,C:\Users\rabiei\My Research\safe-control-gym\models\F3731\reduced_lambda_0_lambda_sweep_lam_0p0_20260522_235627
0.0,6.0,1.0,333,567.5020315152572,53.80233344348968,567.5020315152572,53.80233344348968,2.538091059966379,0.13867721134760613,7.8407309892036965,0.2836757555261268,1.0,0.009947178185646706,0.0018661112835012346,0.11710216605438821,0.0023315141994626793,0.0,0.0,C:\Users\rabiei\My Research\safe-control-gym\models\F3731\reduced_lambda_0_lambda_sweep_lam_0p0_20260522_235627
0.0,8.0,1.0,333,598.6004357978975,33.65566563183901,598.6004357978975,33.65566563183901,2.0408664068079947,0.13164763701130347,3.8087807140458487,0.13779290785525386,1.0,0.015655982949971267,7.022738648062283e-05,0.04999012298245543,0.002604612322906805,0.0,0.0,C:\Users\rabiei\My Research\safe-control-gym\models\F3731\reduced_lambda_0_lambda_sweep_lam_0p0_20260522_235627
0.0,10.0,1.0,333,612.0103335953074,26.409882217731454,612.0103335953074,26.409882217731454,1.8322989425534053,0.13511698414539378,2.8640161295312088,0.13472784009320157,1.0,0.015634570004531306,2.2803363599219884e-05,0.03167719170319628,0.002445812714218987,0.0,0.0,C:\Users\rabiei\My Research\safe-control-gym\models\F3731\reduced_lambda_0_lambda_sweep_lam_0p0_20260522_235627
0.0,12.0,1.0,333,619.3906307092178,24.31896153623132,619.3906307092178,24.31896153623132,1.7218561864666482,0.13500341825340184,2.51152938434233,0.136874989593482,1.0,0.01563506979693393,2.1262544774713703e-05,0.023487708427746824,0.002046036345371571,0.0,0.0,C:\Users\rabiei\My Research\safe-control-gym\models\F3731\reduced_lambda_0_lambda_sweep_lam_0p0_20260522_235627
2.0,4.0,1.0,333,375.6518244270519,82.41963959084912,371.83261655083163,82.42486064706254,1.909603938110121,0.046334215564896655,7.854771219201321,0.14377470146381313,1.0,0.0339110305625149,0.012413290694276012,0.1525541700460196,0.0014222260560185097,0.0,0.0,C:\Users\rabiei\My Research\safe-control-gym\models\F3731\reduced_lambda_2_lambda_sweep_lam_2p0_20260523_001121
2.0,6.0,1.0,333,439.55986484200935,67.25064570775525,436.0913632617211,67.28767828920392,1.734250790144114,0.051441269379400835,6.605023335058217,0.08682251538236617,1.0,0.04850830966033131,0.017047362207318097,0.10131958758201602,0.0011692819858397372,0.0,0.0,C:\Users\rabiei\My Research\safe-control-gym\models\F3731\reduced_lambda_2_lambda_sweep_lam_2p0_20260523_001121
2.0,8.0,1.0,333,483.76333252092167,53.910706052519416,480.82167429885953,53.96715326485382,1.4708291110310348,0.06012246914371408,4.311457229830797,0.04797275537129172,1.0,0.032894942785741545,0.0027145793932498202,0.05558436531055795,0.0005872970977904102,0.0,0.0,C:\Users\rabiei\My Research\safe-control-gym\models\F3731\reduced_lambda_2_lambda_sweep_lam_2p0_20260523_001121
2.0,10.0,1.0,333,507.26659190232033,42.14264905116154,504.75425576991745,42.21951984134277,1.25616806620145,0.07221348857004685,2.566406546955002,0.05944337644557827,1.0,0.03654228745033619,0.000309617328176002,0.02836509755886926,0.0006597407566161366,0.0,0.0,C:\Users\rabiei\My Research\safe-control-gym\models\F3731\reduced_lambda_2_lambda_sweep_lam_2p0_20260523_001121
2.0,12.0,1.0,333,520.279549306906,35.810713172834035,517.9994579179333,35.89926010059205,1.1400456944863329,0.08246795474398734,1.934383778498303,0.0779617894520869,1.0,0.03667752004913151,4.831520006932998e-05,0.018282753391330342,0.0007071117856981787,0.0,0.0,C:\Users\rabiei\My Research\safe-control-gym\models\F3731\reduced_lambda_2_lambda_sweep_lam_2p0_20260523_001121
4.0,4.0,1.0,333,338.59831071347236,66.24733403004791,331.4480130075773,66.20854550158988,1.7875744264737579,0.047159826839733535,8.535195362903792,0.0853557667713501,1.0,0.13829135881015306,0.011805175822834912,0.17461313975744097,0.0018428157666256501,0.0,0.0,C:\Users\rabiei\My Research\safe-control-gym\models\F3731\reduced_lambda_4_lambda_sweep_lam_4p0_20260523_002608
4.0,6.0,1.0,333,474.2229438936574,63.17283752942106,467.0041602803898,63.1462663728506,1.8046959033168932,0.04632665745434994,9.019897393159223,0.09974093022757705,1.0,0.12514449279914674,0.010714291415065866,0.14343704805575,0.001925613587716426,0.0,0.0,C:\Users\rabiei\My Research\safe-control-gym\models\F3731\reduced_lambda_4_lambda_sweep_lam_4p0_20260523_002608
4.0,8.0,1.0,333,510.19958342733685,46.82297527734552,503.13194974218095,46.80121282549063,1.7669084212889639,0.04552567516417487,8.95642922267768,0.12716208387695677,1.0,0.10404587506436276,0.006514817326405125,0.11818395155291464,0.0017674462932823452,0.0,0.0,C:\Users\rabiei\My Research\safe-control-gym\models\F3731\reduced_lambda_4_lambda_sweep_lam_4p0_20260523_002608
4.0,10.0,1.0,333,527.181073324068,40.523732126933076,520.367296112661,40.524143066529696,1.7034443028517714,0.046247574198921344,8.524358106097807,0.09346975160166832,1.0,0.08575155547761418,0.005776759960081394,0.09640441164506937,0.0013102583733516548,0.0,0.0,C:\Users\rabiei\My Research\safe-control-gym\models\F3731\reduced_lambda_4_lambda_sweep_lam_4p0_20260523_002608
4.0,12.0,1.0,333,536.8120226371761,38.378062805395075,530.3551259099142,38.39171471544968,1.6142241818154441,0.04609003246634679,7.795203241551552,0.10191428278643333,1.0,0.06645361076543303,0.0030866386136992304,0.07708007218062993,0.001200501552665047,0.0,0.0,C:\Users\rabiei\My Research\safe-control-gym\models\F3731\reduced_lambda_4_lambda_sweep_lam_4p0_20260523_002608
6.0,4.0,1.0,333,464.4326832844712,35.339395018017356,456.46158272804735,35.21300950841789,1.3285167594039746,0.03871796312475328,6.033183320587663,0.09748131791447115,1.0,0.04362579172068558,0.0402953966441185,0.12558371709475577,0.0014799304220375494,0.0,0.0,C:\Users\rabiei\My Research\safe-control-gym\models\F3731\reduced_lambda_6_lambda_sweep_lam_6p0_20260523_004047
6.0,6.0,1.0,333,487.0253036577512,35.94489237365345,479.5829903368488,35.86749162124287,1.2403855534837351,0.03351392802014059,5.283966924075049,0.06085861369381612,1.0,0.07934371976306989,0.02483151480727031,0.08394296257313988,0.0009990794196270752,0.0,0.0,C:\Users\rabiei\My Research\safe-control-gym\models\F3731\reduced_lambda_6_lambda_sweep_lam_6p0_20260523_004047
6.0,8.0,1.0,333,500.09705724638775,36.06684706778445,493.5239420105529,36.0554112907496,1.0955192059724643,0.032011760614477254,3.8185849626318324,0.04371350201797525,1.0,0.06925712098196177,0.009340077807837514,0.04934598144537706,0.0005222959664472463,0.0,0.0,C:\Users\rabiei\My Research\safe-control-gym\models\F3731\reduced_lambda_6_lambda_sweep_lam_6p0_20260523_004047
6.0,10.0,1.0,333,509.1967761079419,36.208543385108456,503.4705780239859,36.256889693247224,0.9543663473260093,0.03364535213994853,2.3243208028005835,0.06072684371656447,1.0,0.06330010759609184,0.0011786484229466244,0.024742885047932227,0.0005341092860773316,0.0,0.0,C:\Users\rabiei\My Research\safe-control-gym\models\F3731\reduced_lambda_6_lambda_sweep_lam_6p0_20260523_004047
6.0,12.0,1.0,333,515.5462769002432,36.05969514151502,510.27115128870025,36.1350492624073,0.8791876019238433,0.035681243473460134,1.706247685433083,0.06577042393906493,1.0,0.06389293327450304,8.202761033079267e-05,0.014892654052600962,0.0004937187722093164,0.0,0.0,C:\Users\rabiei\My Research\safe-control-gym\models\F3731\reduced_lambda_6_lambda_sweep_lam_6p0_20260523_004047
8.0,4.0,1.0,333,294.3796372601976,60.743220181941794,284.5500843431816,60.60705708797881,1.2286941146270083,0.0404806631141039,5.576814395221203,0.16464422946711627,1.0,0.13313268305925713,0.04664687567510912,0.11801725510931635,0.003278299807178596,0.0,0.0,C:\Users\rabiei\My Research\safe-control-gym\models\F3731\reduced_lambda_8_lambda_sweep_lam_8p0_20260523_005533
8.0,6.0,1.0,333,345.82363299238637,60.34670038076441,336.31966208540297,60.25695466225816,1.1879963633729254,0.035478925923466686,5.701472642883223,0.12377122006895087,1.0,0.1001171211371545,0.02436776059412692,0.09390604786215176,0.002377135609435528,0.0,0.0,C:\Users\rabiei\My Research\safe-control-gym\models\F3731\reduced_lambda_8_lambda_sweep_lam_8p0_20260523_005533
8.0,8.0,1.0,333,372.00098288213223,56.705128840563354,362.7991658256076,56.63401635261215,1.1502271320655808,0.03480036292573058,5.650390419518916,0.16150706387026592,1.0,0.05490590266014646,0.00986348433745989,0.07613957216491173,0.002509803092924928,0.0,0.0,C:\Users\rabiei\My Research\safe-control-gym\models\F3731\reduced_lambda_8_lambda_sweep_lam_8p0_20260523_005533
8.0,10.0,1.0,333,389.6407895120524,52.35057017550524,380.769138631245,52.312125836523634,1.1089563601009116,0.0330739103226844,5.405303488797136,0.11023538001704256,1.0,0.057059874726290156,0.013707586750685813,0.06209104297517663,0.0017846383188322868,0.0,0.0,C:\Users\rabiei\My Research\safe-control-gym\models\F3731\reduced_lambda_8_lambda_sweep_lam_8p0_20260523_005533
8.0,12.0,1.0,333,401.4201975238681,48.786915429231556,392.8882791890116,48.77289573045309,1.0664897918570733,0.0325241865472344,5.078648759983655,0.08961965064263104,1.0,0.03935295721827325,0.007545092697078721,0.050276504680701814,0.0011819508223397787,0.0,0.0,C:\Users\rabiei\My Research\safe-control-gym\models\F3731\reduced_lambda_8_lambda_sweep_lam_8p0_20260523_005533
10.0,4.0,1.0,333,197.30795304763635,28.501071482304443,181.26259992556166,28.058453733804523,1.6045353122074677,0.05791490012249406,6.712118172810569,0.13263172459330094,1.0,0.1121788821444472,0.04819448978549361,0.14259094760053656,0.002856115669707571,0.0,0.0,C:\Users\rabiei\My Research\safe-control-gym\models\F3731\reduced_lambda_10_lambda_sweep_lam_10p0_20260523_011011
10.0,6.0,1.0,333,319.5726767956315,28.075960347980345,306.2063571143215,28.01944330361268,1.3366319681310015,0.05863376394211001,6.158132172683631,0.17009739205257354,1.0,0.0606185443582177,0.03398560446169282,0.10096371610800917,0.0030542679020335558,0.0,0.0,C:\Users\rabiei\My Research\safe-control-gym\models\F3731\reduced_lambda_10_lambda_sweep_lam_10p0_20260523_011011
10.0,8.0,1.0,333,310.3982904922645,21.10889030849207,298.7763202753296,21.285723132035727,1.162197021693488,0.07250427656478255,5.3495208509796885,0.21239883946297444,1.0,0.05243945446660918,0.02330860979037549,0.0710911958922652,0.0028421294617054114,0.0,0.0,C:\Users\rabiei\My Research\safe-control-gym\models\F3731\reduced_lambda_10_lambda_sweep_lam_10p0_20260523_011011
10.0,10.0,1.0,333,311.17316576041094,19.954200616350185,300.3992842505963,20.16784078559694,1.0773881509814636,0.0761653363229615,4.758125292911007,0.2205441513539038,1.0,0.04195663823843742,0.022588482300226295,0.05279702913743495,0.0023159096581815784,0.0,0.0,C:\Users\rabiei\My Research\safe-control-gym\models\F3731\reduced_lambda_10_lambda_sweep_lam_10p0_20260523_011011
10.0,12.0,1.0,333,312.2435393031622,19.48961445907215,302.2270710904583,19.716453435545414,1.0016468212703882,0.07490629108578707,4.053624128203964,0.2252523788513317,1.0,0.027543361119286288,0.014718012624908775,0.038259638700205295,0.002020476806965125,0.0,0.0,C:\Users\rabiei\My Research\safe-control-gym\models\F3731\reduced_lambda_10_lambda_sweep_lam_10p0_20260523_011011
